0,education another tool use create path towards success unlike tool education also provides walking shoe jeff pinkstaff grad student mpa want contribute quote bank submit contribution http
1,despite brilliance einstein could secure academic job graduation interesting fact genius time http
2,get grass check tarleton history learn ca walk grass stephenville campus http
3,healer need healer see merriman ha say importance self care http
4,know know capable motivational word bronco player chris harris read http
5,doe matter slowly go long stop motivationmonday tarletongradstudies
6,degree gateway watch new graduation video monday morning motivation motivationalmonday http
7,tarleton college http theater
8,way get started quit talking start disney favorite quote contribute quote bank http
9,hour deliverance heart spoke doe country defender country deserve song francis scott key
10,two year spam solved gate read tech prediction failed come true http
11,hard accomplish http
12,givingtuesday global day giving back tuesday november join people around world support tarleton student transform tomorrow professional leader black friday cyber monday day shopping deal kick holiday giving season giving tuesday donation tarleton college graduate study mark calendar spread word tarletongives
13,stem
14,tamuspathways way
15,million appropriated loan repayment program mental health professional learn
16,drawing tomorrow
17,calendar spring graduation cog may
18,date first day class tuesday january university closed observance martin luther king day
19,paper copy thesis dissertation submitted electronically proquest see instruction http
20,habit give increase productivity http
21,people share toughest sacrifice made achieve goal
22,hidden instagram hack feature http
23,motivation kick starter http
24,powerful motivational speech motivate better check pulse http
25,master degree highest salary potential http
26,highest paying job america http
27,reason go grad school
28,website upgrade mind even better service free learn http
29,secret short sweet successful resume
30,way follow interview http
31,great reason find time disconnect
32,reason grateful best career strategy http
33,thing filing fafsa http
34,way create powerfully productive mind transformationaltuesday tarletongradstudies
35,life lesson grad school
36,first day fall class august tarleton campus
37,never early think sergeant richard savage grapevine texas pd graduated may master degree criminal justice read sgt savage experience tarleton graduate program well word advice week alumnus spotlight grapevine police department tarleton school criminology criminal justice strategic study
38,tarleton mean lot place american dream meet alumna rachel li latest spotlight http
39,program brings together faculty student discus important topic ethic relates research creative activity said barry lambert dean tarleton college graduate study read initiative article
40,time go fast decide want graduate degree hear michele carswell graduate tarleton msn program recent alumnus spotlight post
41,graduate degree help get check list best job america
42,record number tarleton student faculty head today tamuspathways student research symposium prairie view good luck tarleton student researcher tarletonrsaw
43,apa writing guideline save website resource http
44,access blackboard go learn mobile app
45,access service writing center tarleton state university online tarleton state university global campus
46,advance career master degree criminal justice http
47,affording advanced degree tip consideration paying grad school
48,application fall admission clinical mental health counseling program due july program available campus location find http
49,applying grad school
50,applying grad school beyondabachelors
51,applying tarleton program application due soon see requirement deadline link
52,archived issue weekly newsletter cog connection available new blog check http
53,good decision maker http
54,new ga ga orientation week contact larry smith ldsmith information session
55,new grad student semester congratulation read new student tip blog
56,alum tarleton cog join tarleton alumnus association
57,attending tomorrow new year new extravaganza guess number scholarship prize ha increased addition three winner chosen live drawing extravaganza end two additional winner chosen random via social medium one winner facebook one winner twitter potentially win look facebook twitter post cog asking respond posting selfie comment favorite extravaganza eligible win must actually attend extravaganza confirmed upon arrival must enrolled least credit hour spring semester must use newyearnewyou tag tarletoncogs facebook twitter post including made outside cog prompt
58,considering tarleton program waco area attend upcoming info session september learn link http
59,falling one
60,fascinated storm learn storm spotter tomorrow skywarn class
61,guilty one small thing making le productive http
62,interested graduate school wondering online graduate education register thursday webinar learn
63,someone know interested graduate school attend upcoming open house tarleton state university waco
64,planning walk commencement semester apply graduation
65,someone know thinking starting graduate school tarleton attend open house waco saturday november register learn link
66,attend present ichampion summit detail link http
67,attend professional conference help student travel grant learn http
68,attending tamuspathways student research symposium prairie view missed yesterday info session come math travel information trip agenda
69,avoid burnout tip http
70,balancing work grad school survival guide
71,balancing grad school finance family realistic tip http
72,need little midweek humor photoshop coworkers situation http
73,become keyboard wizard shortcut http
74,blackboard hint
75,bookmark quick resource page begin fall semester http
76,brilliant question ask ask end every job interview
77,broaden horizon study abroad trip year http
78,remember everything working
79,cog spring graduation
80,cog summer graduation
81,cog looking hire ga stephenville office look posting hire texan question email edunn
82,cog looking hire graduate assistant responsibility include secondary email communication database entry follow phone call related task assigned look position post early next week hire texan also written communication important part position part application requirement please upload cover letter consisting le word letter describe career goal would good fit role question position addressed elizabeth dunn college graduate study edunn
83,cog spring graduation may see graduation info http
84,call proposal faculty staff member tamus school local community college share idea upcoming excellence teaching conference
85,rejection good thing transformationaltuesday
86,catch latest news announcement college graduate study week issue cog connection
87,catch weekly newsletter cog connection
88,catch latest news college graduate study week newsletter
89,catch recent issue cog connection via blog
90,challenge life throw curve ball
91,chat library service open directly library website
92,check latest issue graduate student newsletter thecogsconnection blog
93,check new master social work program coming fall tarleton http
94,check student faculty story read tip inspiration catch newsletter cog connection via blog newly updated
95,check interesting history academic regalia http
96,check latest graduate study news college graduate study tarleton state university newsletter thecogsconnection
97,check latest issue thecogsconnection blog
98,check latest issue tarleton graduate study newsletter thecogsconnection blog
99,check latest issue cog connection
100,check latest issue weekly newsletter
101,check latest issue weekly newsletter cog connection blog
102,check latest issue weekly newsletter cog connection blog
103,check latest issue cog newsletter blog thecogsconnection
104,check latest issue graduate newsletter thecogsconnection
105,check latest issue graduate study newsletter thecogsconnection
106,check latest news graduate study tarleton newsletter
107,check recent issue cog connection blog
108,check schedule event saturday open house registered yet
109,check great tip enhancing graduate level writing skill http
110,check financial aid tip graduate student
111,check resource perfecting resume
112,check tip financial success paying grad school
113,check great guidebook tarleton tradition tarletonhomecoming tbt tarleton state university alumnus association
114,check video finding registering summer fall class http
115,check list mobile friendly apps resource tarleton library http
116,check new book tarleton grad faculty member lindsay baker
117,check readworthy list time management tip learn http
118,check week issue thecogsconnection blog
119,check week issue cog connection issue cog form website financial awareness workshop tarleton jps collaborate
120,check week issue cog connection week newsletter quote week graduate level humor congratulation student spotlight upcoming event
121,check upcoming tarleton event spring beyond using university calendar http
122,check status application online follow step step instruction
123,check graduate application status online
124,closing ceremony tamuspathways
125,college graduate study tarleton state university
126,college graduate study tarleton state university ha several webinars scheduled february learn tarleton grad program comfort laptop check gatewaytogoals schedule
127,college graduate study tarleton state university shared barry lambert post
128,college graduate study tarleton state university shared tarleton college agricultural environmental science live video
129,college graduate study tarleton state university shared tarleton continuing education photo
130,college graduate study tarleton state university shared tarleton marketing ci photo
131,college graduate study tarleton state university shared tarleton marketing ci post
132,college graduate study tarleton state university shared tarleton state university department counseling post
133,college graduate study tarleton state university shared tarleton state university waco photo
134,college graduate study tarleton state university shared tarleton state university global campus photo
135,college graduate study tarleton state university shared tarleton state university global campus post
136,college graduate study tarleton state university shared flash today erath county photo
137,college graduate study tarleton state university shared flash today erath county post
138,come listen holiday concert college liberal fine art tarleton state university
139,compare book price across world wide web check video http
140,compare book price easily online check video http via youtube
141,complete mba online tarleton credit hour http
142,congrats tarleton alum brianna hodges tarletonstateuniversitycollegeofeducation
143,congrats tarleton state top online mba program mba tarletongradstudies tarleton state university college business administration tarleton state university jodie dearing
144,congratulation linda jones jones retired dean college graduate study http
145,congratulation tarleton clinical mental health counseling program tarleton state university department counseling
146,congratulation tarleton master music education program recent national ranking master music music ed online program tarleton state university
147,congratulation tarleton graduate faculty member recently recognized teaching service award
148,congratulation upcoming graduate
149,congratulation
150,congratulation beach tarleton state university educational leadership policy study
151,congratulation bozer
152,congratulation johnson vicky johnson one outstanding graduate faculty member master music music ed online program tarleton state university
153,congratulation leach
154,congratulation pehl pehl one outstanding graduate faculty member nursing
155,congratulation quazi
156,congratulation sadler tarleton state university kinesiology program
157,congratulation steed
158,congratulation vandala graduation vandala earns bachelor degree tomorrow ha student employee office couple year starting graduate study fall new social work program
159,congratulation grad
160,congratulation graduate
161,congratulation graduate achievement tonight commencement ceremony
162,considering career counseling check clinical mental health counseling program hurry deadline apply http
163,counseling year year excellence
164,course executive writing writing engineer professional see page http
165,cover letter important check example tarleton career service http
166,create success learning master degree curriculum instruction http
167,diana martinez graduated tarleton mba program applies degree towards equality empowering others learn diana recent alumnispotlight
168,know tarleton ha eeg lab learn blog participate research graduate program applied psychology
169,know tarleton student receive microsoft office package free charge get started downloading free package
170,know skilled professional nursing clinical mental health counseling today highest demand source national center educational statistic find master program tarleton http
171,know tarleton student free access resource called resource include personality test skill assessment salary calculator find skill
172,know work personal trainer tarleton rec learn
173,miss saturday open house mark calendar next open house july stephenville check event page detail rsvp
174,miss tarleton tour saturday next opportunity visit u october fort worth campus graduate study open house http
175,miss last saturday gre strategy session still prepare gre tarleton check gre prep course offered tarleton continuing education
176,miss last saturday open house fort worth next open house july stephenville see
177,miss workshop today check financial tip graduate student
178,miss latest issue cog newsletter check blog
179,see latest issue cog connection check blog
180,study abroad year share photo photo contest see http
181,diploma transcript thing know regarding degree conferral tomorrow ceremony
182,discover advantage compressing time commitment http
183,discovery tarleton graduate faculty member could prevent brain death cardiac arrest
184,entrepreneurial spirit
185,entrepreneurial spirit learn entrepreneur erath could win part prize put toward business idea http
186,need flu shot student health center located barry thompson student center room offer seasonal flu vaccination cost per student http
187,suffer gsg http
188,best today
189,doe take money make money http
190,doe resume need help make plan attend tomorrow resume clinic career service tarleton
191,doe resume need help attend next week resume clinic tarleton career
192,doe resume need help check resource career service
193,buy office subscription tsu student get free http
194,forget stephenville open house wednesday
195,miss tarletonontour tomorrow arlington visit event detail event start
196,miss gateway goal webinar today noon
197,miss today career fair see event detail link
198,brandon smith new faculty member strong research background forage agronomy learn smith recent faculty research spotlight tarleton research innovation tarleton college agricultural environmental science
199,gm cox graduate recruiter mweni ekpo tarleton booth texas police chief association conference woodland area stop conference learn tarleton mpa mcj program
200,moumin quazi associate professor english program advisor graduate student english language program tarleton congratulation quazi recent publication
201,earn certificate two stay track master learn new communication study degree http
202,earn master music education completely online tarleton see program http
203,edd educational leadership reimagined tarleton edd join cped consortium attend one upcoming info session see link tarleton state university educational leadership policy study
204,enhance resume social medium coach fall learn texas social medium research institute tsmri
205,enjoy holiday tarleton closed break resume normal operation january
206,entrepreneur erath business plan contest winner announced
207,everything wanted know ga tarletongradstudies
208,everything need know managing student email account http
209,explore graduate professional school opportunity upcoming grad school fair
210,explore graduate school across texas upcoming virtual grad fair
211,explore graduate degree join u waco campus special open house prospective graduate student
212,extra graduation ticket disbursed starting monday contact edunn information
213,fyi counseling student
214,faculty research coffee hour jesse meik tomorrow library multipurpose room faculty invited informally discus research faculty research coffee hour event coffee snack provided cog
215,faculty unscripted learn grad faculty member moumin quazi tarleton english language program http
216,fall event
217,fall event
218,fill nature prescription weekend beautiful weather http
219,financial aid scholarship beyondabachelors
220,find many choosing tarleton edd program tarleton state university educational leadership policy study
221,flag carrier needed cog graduation ceremony may sign today may graduate please
222,friday graduation ceremony find connection info http
223,free inexpensive learn excel best resource internet http
224,ninja turtle grad student kenn scott talk experience tarleton studentspotlight http
225,osteoarthritis jones ha keen interest equine research one rewarding part role tarleton introducing graduate student opportunity science learn trinette jones assistant professor animal science veterinary technology recent faculty spotlight tarleton college agricultural environmental science animal science veterinary technology tarleton state university
226,convenience laptop tablet smartphone learn college graduate study ha offer join one upcoming webinars
227,career biology master degree tarleton http
228,get six sigma belt online master program qem http
229,get experience field master degree environmental science tarleton http
230,get quick answer question tarletongradschool chat u messenger
231,get rid toxic habit transform life transformationaltuesday http
232,get know history tarleton landmark http
233,get know college graduate study blog read spotlight faq get know staff find latest news http
234,getting started blackboard tip guide tarletongradschool
235,give resume makeover today resume clinic tarleton career
236,good morning motivationalmonday
237,good luck graduate student upcoming final exam
238,good luck student researcher tamuspathways student research symposium pvamu today tarletonrsaw
239,good morning know feeling
240,gordon center offer free admission military personnel family throughout summer
241,grad student volunteer needed spring orientation fort worth current tarleton graduate student fort worth area cog searching graduate student serve current student panel mingle incoming student orientation scheduled tuesday january would needed dinner provided interested volunteering please contact mweni ekpo ekpo
242,grad student study abroad check upcoming trip http tarletongradstudies
243,graduate texansteamup benbrook lake today tarletonroundup thanks participated
244,graduate assistantship available registrar looking hire ga work expansively degree work ideal candidate able work independently intermediate advanced knowledge word excel coding programming experience huge plus contact chesea estep estep learn
245,graduate school give edge need advance career read way grad school pay
246,graduate student researcher sarah shawver talk research soil microbial genomics listen sarah discus research opportunity featured tarletonrsaw video http
247,graduating may forget apply graduation january want walk see link detail
248,graduating may get everything need graduation first grad fair
249,graduating next week check page thing know regarding commencement ceremony stephenville
250,graduating soon take consideration nine thing every graduate know
251,graduating august today deadline apply want walk
252,graduating semester mark calendar first ever grad fair held tsc ballroom march
253,graduating semester forget apply graduation january
254,graduating summer deadline apply graduation may plan walk find detail application instruction http
255,graduating master doctorate semester check tarleton email important information sent today tarletongradstudies
256,graduation application spring due today plan participate commencement lost process check instruction
257,graduation ticket disbursement begin today congrats summer graduate
258,graduation ticket available cog office may question email edunn
259,graduation ticket stop cog office request mailed completing form http
260,graduation ticket become available monday november need graduation ticket mailed please email edunn cog ceremony
261,great advice new returning grad student alike http
262,great advice http
263,great idea showcasing skill resume
264,great news tarleton nursing program jps http
265,great news tarleton state university department counseling
266,great tip acing next phone interview http tarletongradschool
267,great tip big upcoming project deadline
268,great tip writing dissertation part tarleton state university educational leadership policy study
269,great tip writing http
270,grow knowledge hobby really make smarter http
271,happening
272,happy first day fall
273,happy friday
274,happy friday reminder tarleton closed monday observance labor day
275,happy holiday jolly elf college graduate study
276,happy leap day science behind extra day find http
277,happy monday
278,happy monday check grad student spotlight week blog post http
279,happy new year tarleton college graduate study
280,happy spring break march
281,happy patrick day history money fun make paddy day http
282,happy thanksgiving
283,happy early birthday leah brazell bartelt
284,better conversation tip http
285,great week motivationalmonday
286,great weekend
287,safe halloween
288,question starting journey tarleton grad student check list frequently asked question
289,question check updated faq section cog blog
290,seen latest issue thecogsconnection check link
291,six minute learn year history tarleton counseling program deadline admission clinical mental health counseling program july
292,rsvp newyearnewyou event check lineup presenter
293,applied cog need know application status check online
294,checked list graduate student scholarship see http tarletongradstudies
295,downloaded blackboard mobile learn custom setting get instant access class right mobile device
296,heard new master program athletic training check http
297,heard new ag innovation grant tarletonrsaw http
298,heard new higher ed master program learn concentration program spotlight
299,learned use wordpress webwednesday
300,met lego grad student
301,read latest newsletter stay loop cog connection
302,read latest graduate student news check thecogsconnection
303,read latest issue thecogsconnection check online
304,read latest issue cog connection
305,read week issue cog connection week newsletter quote week graduate level humor looking assistantship ichampion summit gre workshop
306,read week newsletter thecogsconnection
307,registered tarleton salt find free financial tool available tarleton student
308,registered wednesday workshop increase financial awareness learn tip save money paying grad school register http
309,seen list grad student scholarship apply general scholarship application today
310,seen latest issue cog connection week newsletter quote week graduate level humor loan repayment program cog open house fw alumnus spotlight
311,seen latest issue cog connection quote week graduate level humor tried zagster alumnus spotlight graduation ticket distribution open house
312,seen week issue cog connection
313,signed salt money check financial resource grad student sign tarleton email
314,updated scholarship application school year log update today
315,heading stephenville graduation another event check local hotel accomodations http
316,another post exceptional student worker college graduate study fortunate great crew backing u everyday student invaluable
317,hey donut lover dunkin donut coming tarleton
318,honor educator made positive impact life student nomination open crystal apple award tarleton state university college education
319,hopefully semester great start dean lambert share word semester dean message
320,pay graduate school smart way
321,tarleton trivia significance horseshoe name located hint stephenville campus
322,spreading kindness random act kindness week http
323,authentically change life http
324,could adapt habit contribute success graduate student
325,ask letter recommendation read tip http
326,doe grad school fit new year resolution http
327,effective study tactic take short quiz gauge skill
328,beat hurry sickness http
329,super productive weekend http
330,lead instead manage http
331,make balance work
332,stay productive away home http
333,monday
334,week going manage stress moment tip http
335,skill need update check master degree information system http
336,identify top skill strengthsquest available tsu http
337,feeling uncomfortable start personal growth
338,better financial management new year resolution sign salt money help learn tip strategy achieve goal
339,latest blog post learn tarleton alumnus brad mill utilized experience ga transition career tarleton state university kinesiology program
340,latest blog post meet jodie dearing advisor tarleton coba graduate student coba tarleton state university jodie dearing
341,week issue cog connection quote week graduate level humor flag carrier needed tarleton join carnegie project law enforcement conference student employee appreciation week
342,week issue cog connection quote week graduate level humor upcoming financial awareness workshop week service inspirational meet officer daily tech tool resource baker
343,inbox control http
344,incorporate evening routine evening habit highly successful people http
345,inspirational quote grad student motivationalmonday tarletongradstudies http
346,interested tarletongradschool attend upcoming open house fort worth
347,interested tarleton clinical mental health counseling program join u june
348,interested tarleton master public administration program join tomorrow gatewaytogoals webinar
349,interested carrying flag upcoming graduation ceremony sign december graduate please
350,interested learning tarleton tmate program make plan attend upcoming information session
351,interested learning graduate school attend upcoming open house info
352,interested learning graduate school join u july beyondabachelors open house
353,interested learning tmate program consider attending upcoming info session tmate tarleton model accelerated teacher education
354,interested participating research study pain pain involved contact amber alharris information
355,interested social medium research learn upcoming texas social medium conference held white settlement april texas social medium research institute tsmri
356,interesting stuff considering career change tarletongradstudies http
357,educational day trip summer plan learn texas industrial history gordon center thurber http
358,change constant inspiration job seeker feeling stuck
359,taking gre list near future know ets offer gre fee reduction program individual demonstrate financial need read qualify link
360,time important money http
361,research need rescue library help check research rescue guide http
362,tarletonhomecoming week view schedule event get back texan state mind tarleton state university alumnus association
363,celebrate teaching week check week schedule event
364,english language week stop oa grant today tomorrow noon guest speaker discussion
365,national agriculture day learn http
366,national student worker appreciation week thanks torus hailey jesus vandala
367,student success week check week schedule event tarletonsuccess
368,new year talk u goal lunchtime twitter chat coming le minute use
369,hard believe summer semester almost good luck upcoming final exam
370,late sign study abroad next summer travel poland germany slovakia czech republic contact dean barry lambert blambert discus tsuinternational week
371,job fair excellent opportunity speak employer career trend potential employment opportunity miss tarleton fall job fair wednesday
372,job silicon valley equal great news writer http
373,join tarleton state university college graduate study fort worth informative morning june open house may view event schedule rsvp http
374,join u tonight midlothian financial awareness workshop tarleton room
375,join u ice cream chance win great prize learn tarleton resource
376,join u graduate professional school fair today tsc ballroom
377,join u next tuesday gatewaytogoals webinar
378,join u
379,join u today noon learn clinical mental health counseling program register receive connection info
380,join u tomorrow givingtuesday around world inviting people like part tarletongives movement support education tarleton state university student easy way bleed purple
381,join u tomorrow graduate professional school fair tarleton career
382,reminder office closed today observance memorial day
383,much master degree impact career check article forbes http
384,trying keep together
385,kickstart day tip http
386,know someone want attend grad school near future next open house waco see link information
387,lauren martin graduate tomorrow night college graduate study class may honored student speaker learn lauren student experience recent student spotlight
388,learn tarleton master criminal justice program saturday info session start info email deadmon
389,learn tarleton master public administration program saturday info session start email deadmon info
390,learn tarleton master social work program saturday info session start info email ekpo
391,learn tarleton graduate business program saturday info session start info email ekpo
392,learn tarleton graduate opportunity upcoming gatewaytogoals webinars
393,learn affording graduate school balance build network saturday open house fort worth register link
394,learn affording graduate education upcoming financial awareness workshop waco learn register http
395,learn option pay grad school tarleton financial aid tv http
396,learn graduate program open house june http tarleton state university fw
397,learn gm cox director tarleton mpa program week blog post
398,learn six sigma cert fully online quality engineering management program http
399,learn tmate upcoming information session tmate tarleton model accelerated teacher education
400,learn tarleton online master music music education join gatewaytogoals webinar next week
401,learn tarleton clinical mental health counseling program saturday info session session start email tsanders info
402,learn tarleton clinical mental health counseling program joining week webinar
403,learn tarleton counseling program today webinar register link
404,learn tarleton tmate program attend tonight info session fort worth campus check calendar info
405,learn tarleton graduate program gatewaytogoals
406,learn tarleton master public administration program tonight webinar register learn link
407,learn earning graduate degree upcoming workshop mcc waco http
408,learn graduate faculty member nursing program mary winton latest faculty unscripted video
409,learn graduate program tarleton saturday open house fort worth http
410,learn graduate school tarleton upcoming open house waco
411,learn graduate school open house fort worth saturday http
412,learn healthy habit tip tarleton health service tarleton student health center http
413,learn opportunity pay graduate school upcoming financial awareness workshop waco link rsvp http
414,learn new applied psychology program start fall http
415,learn research tarleton
416,learn history memorial day http
417,learn upcoming excellence teaching conference http
418,learn mean online student tarleton week webinar
419,lesson preschool putting perspective
420,let past future master degree history tarleton http
421,listen gail roaten clinical mental health counseling program faculty unscripted http
422,listen sue joiner graduate tarleton educational leadership program management instructor discus tarleton experience faculty unscripted
423,listen faculty informally discus research faculty research coffee hour friday month presenter callie price discus speed research see
424,literature rhetoric writing speaking language pursue master english entirely online tarleton find http
425,looking ga position stephenville
426,looking ga position learn tarleton graduate assistantships updated website
427,looking ga position center transformative learning ale hiring two role contact erin lowery lowery tarleton ale applied learning experience
428,looking ga position office sponsored project need graduate assistant help day day clerical work lend technical expertise work special project needed check hire texan info
429,looking ga postition cog hiring apply hire texan email edunn question
430,looking graduate assistantship center instructional innovation cii looking someone assist portfolium tech distance learning initiative event etc check hire texan clicking detail
431,looking job experience networking stop spring job fair march
432,looking research position college education looking graduate assistant work grant funded research project examining child early numeracy home see detail apply hire texan tarleton state university tarleton state university college education
433,looking additional resource scholarship check list private scholarship resource
434,looking inexpensive getaway semester check spot http
435,looking career resource field check job search tool career service tarleton career
436,looking motivation morning check recent post new blog http
437,looking extend commitment education check master program educational administration http
438,looking career educational leader learn tsu educational leadership program one upcoming information session waco fort worth stephenville
439,looking career educational leader learn tsu educational leadership program tomorrow session fw stephenville session begin location email farmer information tarleton state university educational leadership policy study
440,make owl best friend writing resource student
441,many program online see complete list website webwednesday
442,march tomorrow priority deadline fafsa learn option pay grad school http
443,march national athletic training month learn tarleton msat program recent program spotlight
444,mark calendar join u september graduate student resource fair networking social learn rsvp link
445,mark calendar next cog open house march fort worth
446,mark calendar next financial awareness workshop october stephenville campus tarletongradschool
447,mark calendar saturday october gre workshop waco campus detail come
448,mark calendar summer commencement college graduate study tarleton state university held friday august
449,married going back school master doctorate cosider tip http
450,meet faculty member trinette jones learn experience horse industry http
451,meet new cog blog case missed last week workshop check week post affording advanced degree http
452,money management mind like tarleton state university money management get great tip financial strategy
453,great dissertation advice part tarleton state university educational leadership policy study
454,information tarleton new research partnership
455,picture last saturday open house fort worth feel free tag
456,motivate tip write feel like writing http tarletongradstudies
457,motivation monday
458,need help password student account check service student tab
459,need writing assistance beyond spellcheck check writing mentor assist writing
460,need check application status direction
461,need drop course take care today
462,need look student id use handy tool
463,need update resume check list action verb tarleton career
464,needing inspiration today listen ted talk http
465,neha gulati wanted graduate degree would add experience allow explore interest decided pursue tarleton state university mba program neha graduate friday learn neha mba experience recent spotlight
466,networking business people networking mistake need stop making http
467,never underestimate business advantage dressing well tip guy gal http
468,new ga position posted get career experience hr graduate assistantship employee service training development http
469,new program criminal justice master applied psychology among new graduate program coming tarleton http
470,new grad student latest blog post read word advice current grad student finishing first semester
471,new grad student watch video find enroll class ducktrax http
472,new grad student congratulation read orientation guide learn step http
473,new grad student welcome learn grad study online orientation guide
474,new opportunity coming fort worth location http
475,new research partnership work
476,new blackboard check resource guide
477,new year new semester read spring dean message blog
478,nix watch productivity soar bad habit making le productive http
479,nomination outstanding achievement law enforcement award due march learn submit nomination link
480,easier send college graduate study tarleton state university message
481,one page picture people grad student never understand http
482,one eight school texas tarleton join carnegie project education doctorate
483,one week today attend graduate professional school fair learn opportunity
484,online class training life insight balancing work grad school
485,online student tarleton ha resource check page info
486,open house future student
487,office close noon today wonderful weekend
488,weekly newsletter fully online check http
489,pdf url vpn ftp brush tech talk glossary term http
490,participating spring graduation ceremony forget apply
491,paying debt grad school possible http
492,paying grad school financial aid scholarship
493,place next stage career microscope master degree medical lab science http
494,plan spring schedule spring class posted viewing
495,portfolium go live tarleton connect recruiter organization nike disney google apple nbc
496,prepare gre free online tool
497,prepare comp upcoming exam tip http
498,present research annual pathway student research symposium tamuspathways
499,q say see empty parrot cage polygon say math fun math joke http humpdayhumor
500,question graduate school join u upcoming open house tarleton state university fw
501,question regarding texas residency check faq list
502,quick link manual http
503,quote week graduate level humor national athletic training month week service registration begin faculty spotlight recent issue cog connection
504,quote week graduate level humor nomination open outstanding achievement law enforcement award plus week issue cog connection
505,roed check value graduate degree exploring true cost return education http
506,read latest news college graduate study week issue cog connection
507,readworthy http
508,ready register class monday find class need summer fall view video step step instruction search class search tool search subject
509,register upcoming hr management leadership conference held tarleton learn register link
510,registration open october plan spring schedule viewing available course link
511,remember method grade school apply grad school reading assignment increase comprehension http
512,reserve spot http
513,reserve spot soon
514,ssmi looking fill two ga position fall position includes assisting isucceed program study skill session information contact mylissa parham myparham
515,sangeeta jina alum msis program talk experience tarleton graduate student http
516,save money awesome student discount merchant
517,save date next open house tarleton college graduate study february waco
518,save date newyearnewyou
519,save date graduate student resource fair networking social tarleton graduate student well faculty staff invited attend
520,save date make plan join u january newyearnewyou
521,search class summer fall course schedule posted http
522,search web best price book one click watch video youtube channel
523,searching class course number
524,searching right word make resume stand list action verb tarleton career
525,see latest news graduate student grad faculty thecogsconnection
526,see tomorrow tarleton state university waco
527,emotional health dissertation order tarletongradstudies transformationaltuesday
528,set ready visit tarletonontour today arlington convention center noon
529,shape writing skill grad school application writing assignment http
530,sharpen financial knowledge financial awareness workshop held waco campus june learn http
531,sharpen writing skill course
532,software discount available tarleton community see http
533,stay know checking week issue cog connection
534,stay know reading week issue cog connection
535,stay know semester checking weekly issue grad newsletter cog connection
536,stay know event update regarding graduate student check latest issue cog connection
537,stay date latest news college graduate study reading week issue cog connection
538,stay date news tarleton graduate student check latest issue weekly newsletter cog connection
539,still thinking applying tarleton doctoral program join tonight webinar question answered rsvp receive connection information
540,stop find unique gift someone shopping list
541,stressed grad school alone read strategy real grad student use take mind work http
542,student spotlight meet c student erin machajewski recent student spotlight interview
543,studying final dick smith library offering extended hour december see detail
544,summer graduation
545,summer fall registration begin march ready question email gradinfo
546,summer fall registration start monday see detailed instruction registering mygateway
547,support local artisan business annual staff council holiday art craft showcase today thompson student center
548,taa backyard summer mix music series
549,ted talk surprising habit original thinker benefit procrastination http
550,tsu doc student white house thanks photo julie ward
551,take moment consider great career advice linkedin founder http
552,take step right direction master program kinesiology http
553,take care great tip grad student
554,take education even one step check unique continuing education opportunity http
555,taking semester need reapply complete reactivation form prior registering next term http
556,talk throwback thursday
557,tarleton closing notice tarleton campus location closed today due inclement weather gas leak stephenville
558,tarleton graduate study host open house june prospective student
559,tarleton round accepting job site application april day service volunteer lend helping hand
560,tarleton state university educational leadership policy study host two info session doctoral program tomorrow february tarleton state university fw session begin room hickman building tarleton state university waco session begin mac come learn expect tarleton doctoral program
561,tarleton awarded honorary doctorate dwain mayfield last week ceremony learn mayfield life service post
562,tarleton earns place list safest u college campus
563,tarleton faculty forget result comprehensive exam due cog office today
564,tarleton grad student attend present case study recent prsa educator academy
565,tarleton graduate student lizzie lempeotis wa recently featured fort worth chamber update read lizzie complete spotlight
566,tarleton graduate student find threatened mussel read recent press release
567,tarleton ha new wellness center check open house march
568,tarleton ha grant student research find http
569,tarleton committed success attend upcoming graduate student resource fair learn resource available assist grad student journey
570,tarleton hiring check full time opportunity tarleton http
571,tarleton offering several webinars month learn program interest register webinar today
572,tarleton join competitive carnegie project education doctorate
573,tarleton neuroscience lab get new equipment study chronic pain read http
574,tarleton offer summer pass university swimming pool
575,tarleton office closed today spring break
576,tarleton partner higher education effort help student harveyhelp
577,tarleton student earn top honor international conference
578,tarleton host law enforcement conference april tcole credit
579,tarleton offer master applied psychology fort worth campus location
580,tarleton hosting annual tamus pathway student research symposium learn pathway http tamuspathways
581,tarleton reopen tomorrow july
582,tarleton day giving raise pay forward student
583,tarleton jennifer edward wa recently elected research director tacuspa read post
584,tarleton tom faulkenberry appointed term southwestern psychological association southwestern psychological association tarleton state university psychological science
585,tarleton fall job fair held october tarletoncareers
586,tarleton fort worth student soon new home check video upcoming groundbreaking new tarleton fort worth campus newgroundsametown
587,tarleton tiaer ass environmental impact hurricane harvey
588,tarleton bookstore closed customer today annual inventory
589,tarleton criminology school host info fair master degree program http
590,tarleton global ambassador academy comprised group international graduate student share interest professional growth tarleton student experience learn global ambassador academy
591,teaching greatest act optimism thank teacher teacherappreciationday tarletongradstudies
592,tech tuesday check tech resource tarleton student http
593,tech tool resource message regarding learning tool assistant dean cog credence baker
594,thank tarleton state university waco hosting great open house saturday thanks also everyone came rainy morning support student share knowledge learn graduate school tarleton
595,thank veteran service learn history veteran day
596,thanks dora lee langdon center accomodating great cog staff retreat planning day yesterday great thing work
597,thanks attended financial awareness workshop waco yesterday
598,thanks attended grad student financial awareness workshop yesterday thanks financial aid partnering u tarleton fort worth hosting
599,thanks attended open house fort worth saturday success
600,thanks came arlington convention center saturday visit u tarletonontour
601,thanks came graduate student resource fair networking social yesterday grand prize winner participation networking event grad fair bingo wa baukje talsma minute door prize winner jocelyn rodriguez alex stringfellow rinchen wangchuk pedro romero congrats
602,thanks stopped say howdy last night grab snowcone tarleton state university
603,gatewaytogoals series continues week join u learn program interest
604,gatewaytogoals webinar series continues week today webinar online graduate program mean online student tarleton state university global campus rsvp connection information
605,tamuspathways closing ceremony event begin
606,tamuspathways student research symposium ha concluded another year congratulation student researcher thanks also tarleton faculty staff support
607,sandwich important financial lesson grad student http
608,annual american astronautical society aa cansat competition take place tarleton state university june college university team around world vying top honor
609,influential business management book http
610,level professional attire
611,benefit taking small break
612,cog catalog ha answer question link catalog http
613,cog new year new extravaganza finally comment please post selfie comment favorite extravaganza post submitted today chance win scholarship
614,cog ceremony set august read upcoming commencement recent press release
615,center instructional innovation seeking graduate assistant position report directly manager instructional design contact info
616,college education looking three gas begin fall semester ga need someone strong communication background assist social medium form communication ga need someone strong background assist coe newsletter magazine etc person create feature story ga need someone assist planning special event resume submitted directly kayla peak peak
617,college graduate study spring graduation ceremony wa held friday may wisdom gym main campus stephenville texas
618,college graduate study commencement ceremony held friday may mark calendar share friend family congratulation upcoming graduate
619,college graduate study commencement ceremony friday may mark calendar tell family friend congratulation upcoming graduate
620,department psychological science hosting max glauben holocaust survivor experience lifetime chance hear account holocaust survivor story glauben warsaw poland family apartment overlooked square saw early fighting warsaw ghetto uprising lost family except father max wa sent forced labor camp father survive max came orphan opportunity want miss event limited first people proceeds event used directly support student limited financial resource study abroad holocaust europe program may contact jamie borchardt borchardt question
621,excellence teaching conference ahead learn event http
622,faculty resource fair today stop today information link
623,graduate professional school fair today wa success thanks attended
624,graduate study office stephenville looking graduate assistant check posting hire texan http
625,journal multidisciplinary graduate research searching outstanding paper graduate student professor year volume jmgr nationally peer reviewed journal looking original submission written graduate student professor mentor multidisciplinary topic learn
626,pathway student research symposium hosted tarleton november learn event
627,registrar looking hire ga work expansively degree work ideal candidate able work independently intermediate advanced knowledge word excel coding programming experience huge plus contact chesea estep estep learn
628,rotary club stephenville ha six study abroad scholarship award deadline march see
629,tarleton planetarium host annual holiday show mystery christmas star various time december show free learn mystery christmas star view showtime link
630,tragic tale hen http
631,university closed today honor labor day holiday
632,university closed today observance labor day
633,university closed monday observance memorial day
634,university closed today observance martin luther king day regular operation resume tuesday
635,application deadline tarleton edd program april learn application requirement
636,biggest cognitive bias derails productivity tarletongradstudies http
637,deadline fall admission educational administration program certification july http
638,deadline pathway student research symposium ha extended please register soon possible attend present tamuspathways
639,deadline approaching tarleton business plan contest entrepreneur miss
640,deadline apply tarleton edd program april learn tarleton state university educational leadership policy study upcoming webinar
641,deadline register tamuspathways student research symposium friday
642,demand work school life overwhelming learn tip motivate exhausted http
643,difference aiming succeed trying lose http
644,fall semester wrapping look ahead spring checking spring academic calendar http
645,graduate student commencement held friday wisdom gym congratulation fall graduate
646,graduate study newsletter delivered week tarleton inbox also check week issue thecogsconnection
647,happy secret better work tarletongradstudies mondaymotivation http
648,holiday season may need within community continues learn give tarleton food pantry pantry resume normal hour tuesday open monday wednesday thursday throughout spring semester
649,ichampion summit come tarleton july tarleton student receive discounted registration cost encouraged attend want attend free innovative digital learning practice share submit proposal
650,importance human relationship education http
651,influence leader form power http
652,next cog open house october fort worth check schedule rsvp
653,struggle real
654,student speaker tonight commencement ceremony phillis bunch learn phillis experience master music music ed online program tarleton state university student spotlight
655,university closed monday may observance memorial day safe holiday weekend
656,winner
657,book game changer even put reading one list today http
658,think
659,thinking career extension ag education check ag consumer resource http
660,thinking advancing career farm manager animal scientist check ag natural resource http
661,thinking applying tarleton program learn program week webinar contact phyllis mccann connection information mccann
662,thinking applying tarleton edd program join afternoon webinar email ekpo connection information webinar start
663,thinking applying grad school learn process open house fort worth june view detail register via link
664,thinking becoming cpa check master accounting earn hour knowledge meet requirement state exam http
665,thinking different option pay grad school check post blog learn affording graduate education
666,thinking thesis consider http
667,thinking earning doctorate educational leadership waco area attend tonight info session mcc learn http
668,thinking earning doctorate learn tarleton edd program tonight info session session start howell stephenville campus tarleton state university college education tarleton state university educational leadership policy study
669,thinking going grad school consider point tarletongradschool
670,thinking grad school know someone learn open house june tarletonfw http
671,thinking graduate school attend next week open house learn admission financial aid scholarship
672,thinking spring check schedule spring
673,thinking principal superintendent certification attend upcoming information session march detail http
674,happen become emotionally intelligent http
675,saturday
676,thought tip choose journal carefully
677,three type resume write one
678,three word new year resolution motivationalmonday http
679,time management beyondabachelors
680,time management tip set five minute timer increase productivity
681,timeline photo
682,tip trick phone interview career service tarleton
683,tip highlight working graduate student recent blog post graduate student experience thing know
684,tip distance learner tarletongradstudies tarleton state university global campus
685,tip navigating conference
686,tip strategic reading
687,tip using google drive may never heard http
688,tip help survive danger desk job http
689,today tarleton college agricultural environmental science
690,today midnight people around world give back part givingtuesday participate tarletongives giving favorite tarleton state university program scholarship activity
691,today elizabeth birthday thanks elizabeth everything graduate student give birthday shout
692,today day congratulation graduate tarletongradstudies
693,today open house stephenville campus nursing building room see beyondabachelors
694,today deadline submission defended tarletongradstudies
695,tomorrow big day cog mcc waco attend open house learn grad school interested learning social work program pm attend information session presented program faculty see
696,tomorrow grad fair hope see
697,tomorrow beyondabachelors open house feature session time management current grad student shelby gilson learn shelby recent student spotlight
698,torus hailey fun afternoon counting supply
699,tough decision make find expert say making smarter decision
700,transform resume resource career service http career service tarleton
701,travel investment http
702,traveler academic entrepreneur brian martinson talk life work experience enriched educational journey recent faculty spotlight tarleton coba
703,upcoming deadline thesis dissertation
704,utilize visualization tip next presentation tarletongradstudies http
705,video interview becoming common learn avoid common mistake following article
706,view latest issue tarleton magazine online http
707,virtual connection information tomorrow workshop posted
708,want international travel part career check global firm
709,want information applying graduate school tarleton attend upcoming open house see event page rsvp info
710,want practical solution universal try handful http
711,want build skill niche area check tarleton continuing ed course offering link
712,want learn tarleton master public administration join next week webinar gatewaytogoals
713,want learn tarleton graduate program service join gatewaytogoals webinars
714,want learn grad school tarleton drop open house april college graduate study office stephenville stephenville area attend info session virtually periscope zoom host two general application session workshop discus paying grad school noon register http
715,want learn grad school tarleton mark calendar fall beyond bachelor open house
716,want learn graduate study tarleton attend saturday open house waco
717,want learn graduate study tarleton join u open house stephenville november attendee earn application fee waiver learn register link http
718,want learn paying graduate school attend next week financial awareness workshop info register link
719,want learn program tarleton attend wednesday info session tarleton state university fw hickman bldg room email beach beach information
720,want learn student experience study abroad hear group tarleton student currently poland study earner blog study abroad tarleton state university
721,want learn time money management make plan attend cog open house october follow event link complete schedule rsvp
722,want sharpen money management skill list possibly best apps managing finance http
723,want take education next level check doctoral degree educational leadership http
724,want watch monday solar eclipse come tarleton planetarium
725,warm wish tarleton college graduate study enjoy time family friend
726,feeling little fenced due construction near main entrance visitor cog office enter help desk north end admin annex ii
727,bet least one never heard http
728,nearly tarleton resource group join u today event stop check
729,hope see may graduate today grad fair http
730,hope feeling confident week semester draw close
731,take note birthday around happy birthday wonderful coworker brandon shipman photo decoration credit leah bartelt
732,got full house open house beyond bachelor open house going
733,got new contact information general information email gradinfo need submit application document form use
734,weekend plan check texas pool park trail beaten path http
735,welcome back grad student catch week graduate study news viewing cog connection blog
736,welcome back student thanks stopped stephenville office transition week tour austin featured photo recruiter mweni ekpo starting graduate degree human resource management spring thanks austin stopping say hi
737,welcome fall read dean message blog
738,welcome spring learn tarleton resource service campus update http
739,welcome spring get semester great start word encouragement dean message barry lambert
740,welcome new facebook friend thanks attended yesterday open house
741,welcome fall semester check latest issue cog connection
742,next summer consider traveling poland study abroad find tonight pm autry agriculture building room register meeting http
743,april
744,spring break tarleton outdoor pursuit offering guided hiking camping trip big bend national park spring break trip date march march trip price includes food transportation equipment deadline today email meyers
745,weekend check tarleton planetarium weekend show friday saturday
746,interested learning check gatewaytogoals webinar series learn graduate study tarleton
747,handshake career check handshake tarleton career
748,want learn check gatewaytogoals webinar series learn graduate study tarleton
749,action say character
750,doe writing brain
751,happens millenials become manager interesting read changing workforce http
752,wa last lecture would say student colleague last lecture jim gentry september
753,type procrastinator fix
754,would village look like people representing world read thought day http
755,beyond bachelor attend upcoming open house stephenville learn graduate school
756,next step nursing career advance skill master degree nursing education nursing administration http
757,people ask point semester
758,friend family pool lake home front laptop hour end
759,master degree mathematics take find http
760,profession american trust tarleton gm cox featured tarletoncj
761,whoa check apps every student
762,write every day
763,overworking bad health blame http
764,taking gre soon join saturday free gre strategy session rsvp link
765,wondering check application status follow instruction access information http
766,wondering scholarship available graduate student check list scholarship opportunity
767,word cloud knitting growth mindset learn math program eileen faulkenberry faculty spotlight tarleton state university mathematics department
768,work toward accomplisment goal today great tip motivationalmonday http
769,working public sector advance career master public administration http
770,working financial aid avoid common mistake fafsa http
771,would interested assisting international program upcoming graduation ceremony carrying flag graduating student country citizenship represented colorful procession flag celebrates diversity student body sign http
772,writing personal statement grad school admission
773,access resource writing center online find http
774,congratulation fall graduate
775,get one chance make first impression make great http
776,want memorize excel shortcut http
777,one motivation fleeting read doctoral student http
778,got question got answer check faq list blog http
